id;passport;jshshir;inn;phone;access_token;first_name;last_name;score;status;created_by;created_date;last_modified_by;last_modified_date
1;connecting m;Handmade;mobile;(956) 389-2538 x86248;hacking User-centric Cambridgeshire;Terence;Harvey;0;ACTIVE;maximized withdrawal;2022-03-13T13:10:26;bluetooth Assistant AGP;2022-03-14T08:16:11
2;copy Dynamic;Keyboard;Soap Product;(218) 460-9743 x4139;next-generationXXXXXXXXXXXXXXXXX;Kody;Hyatt;1;INACTIVE;schemas Investment Maine;2022-03-14T01:57:15;generate virtual Account;2022-03-14T08:55:05
3;cross-platfo;Avon;platforms Shoes;547.401.7112 x1393;synthesize pixel feedXXXXXXXXXXX;Kacey;Reynolds;0;ACTIVE;Toys;2022-03-13T16:16:20;Checking primary;2022-03-14T03:12:33
4;Mississippi ;Malaysian;Manager;(346) 989-9148;WoodenXXXXXXXXXXXXXXXXXXXXXXXXXX;Ahmad;Zemlak;8;INACTIVE;hacking programming Intranet;2022-03-14T03:13:04;payment;2022-03-14T01:10:32
5;incubate rad;next-generat;RAM Washington ;(970) 308-0915 x884;deposit Re-contextualizedXXXXXXX;Zachary;Heaney;10;INACTIVE;strategic JSON;2022-03-14T04:52:54;interface mobile;2022-03-13T14:19:53
6;payment Lega;Specialist p;Pakistan;1-688-233-8986;sensor PlasticXXXXXXXXXXXXXXXXXX;Jakayla;Halvorson;3;ACTIVE;Steel Face;2022-03-13T14:37:08;Central;2022-03-13T16:52:55
7;Coves Implem;Cambridgeshi;optimizing;918.704.4020 x107;feedXXXXXXXXXXXXXXXXXXXXXXXXXXXX;Valerie;Koch;4;INACTIVE;Bolivar;2022-03-14T01:30:06;invoice Corporate;2022-03-13T17:28:16
8;Jewelery use;Riyal Human;concept SDD fro;(351) 873-8542;Shirt neural ChickenXXXXXXXXXXXX;Kevin;Connelly;0;INACTIVE;input online;2022-03-14T08:47:21;Connecticut Usability Dynamic;2022-03-13T10:54:04
9;Programmable;Cliff synerg;Account;619.511.8388;PointXXXXXXXXXXXXXXXXXXXXXXXXXXX;Wellington;Buckridge;2;ACTIVE;payment Garden;2022-03-13T17:09:39;Music;2022-03-14T00:37:19
10;deposit Dist;Dale;Somoni;(677) 889-6641;circuit reboot synthesizeXXXXXXX;Lysanne;Mohr;1;ACTIVE;calculate Interactions;2022-03-13T22:32:11;Sleek;2022-03-13T17:14:59
