id;code;message;locale;created_by;created_date;last_modified_by;last_modified_date
1;copying Auto;Devolved Buckinghamshire;de;Direct payment Awesome;2022-03-13T20:40:59;Metal Colorado;2022-03-14T06:12:25
2;compressing Cotton;Executive function Tasty;pi;Oklahoma infomediaries;2022-03-13T21:52:53;Way quantifying;2022-03-14T07:32:57
3;Branding Table multi-state;Rubber grow synthesize;sy;program China;2022-03-13T21:57:21;quantify compress;2022-03-13T19:49:35
4;microchip transmit Senior;Congo SAS;Do;withdrawal protocol;2022-03-13T16:37:26;Small Afghani plug-and-play;2022-03-13T23:46:36
5;calculate;Dollar bluetooth Automotive;cr;installation Automotive Dynamic;2022-03-13T11:09:59;workforce;2022-03-13T22:25:50
6;Internal Cambridgeshire;compressing;Va;SCSI Fresh multi-byte;2022-03-13T17:29:06;functionalities Small;2022-03-13T17:33:32
7;solid maximized killer;generate Technician Grove;Fa;Fords TCP Multi-layered;2022-03-13T11:16:56;Buckinghamshire primary;2022-03-13T11:18:49
8;indexing;Solutions Saudi;Ac;Grocery parsing Island;2022-03-13T17:53:31;Handcrafted vortals PNG;2022-03-14T04:18:15
9;Massachusetts Licensed;Valleys;So;Synergized Program;2022-03-13T12:24:49;Configuration payment;2022-03-13T17:12:56
10;Operative;Assistant Producer;Ou;Tools Metal;2022-03-14T10:42:33;withdrawal;2022-03-13T13:54:33
